cruce,fecha,hora_inicio,hora_final,livianos,colectivos,pesados,observaciones
BOGOTA Y ACOYTE AV.,2018-06-27,18,19,233,0,0,
"LOZANO, PEDRO Y IRIGOYEN",2018-05-29,15,16,992,15,8,
"ACOYTE AV. Y ARANGUREN JUAN F., DR.",2018-06-26,9,10,1764,146,9,
DORREGO AV. Y CORDOBA AV.,2018-12-12,18,19,3363,69,5,
"MOLIERE Y VARELA, JOSE PEDRO",2019-03-26,10,11,440,0,0,
"LOZANO, PEDRO Y HUGO, VICTOR",2019-03-26,9,10,330,0,0,
LA PLATA AV. Y JUAN DE GARAY AV.,2018-08-09,8,9,2843,117,16,
"DELLEPIENE, LUIS TTE GRAL. (NORTE) Y LACARRA AV.",2018-06-07,17,18,2525,33,132,
"INDEPENDENCIA, AV. Y LA PLATA AV.",2018-08-09,18,19,4780,132,3,
"UDAONDO, GUILLERMO AV. Y FIGUEROA ALCORTA, PRES. AV.",2018-06-28,19,20,2860,39,0,
DORREGO AV. Y CASTILLO,2018-12-12,18,19,1152,24,1,
AV. EVA PERON Y AV. LACARRA,2018-03-15,18,19,4468,213,62,
AV. CABILDO  Y COMODORO RIVADAVIA,2019-06-26,16,17,2151,9,1,NO SE CONTARON COLECTIVOS POR METROBUS
LA PLATA AV. Y JUAN DE GARAY AV.,2018-08-09,9,10,3438,169,12,
CHACO Y DOBLAS,2018-08-16,17,18,458,0,1,
AV. ELCANO Y GUZMAN,2018-06-06,9,10,1748,185,5,
"GONZALEZ, ELIPIDIO Y IRIGOYEN",2018-05-29,18,19,1576,8,1,
AV. CABILDO  Y COMODORO RIVADAVIA,2019-06-26,10,11,2083,9,4,NO SE CONTARON COLECTIVOS POR METROBUS
"LOZANO, PEDRO Y IRIGOYEN",2018-05-29,8,9,1107,12,5,
AV. CABILDO  Y COMODORO RIVADAVIA,2019-06-26,9,10,2188,9,3,NO SE CONTARON COLECTIVOS POR METROBUS
"DELLEPIANE, LUIS, TTE GRAL. SUR Y CASTAÑARES AV.",2019-03-20,12,13,397,63,2,
AV. ELCANO Y AV. TRIUNVIRATO,2018-06-06,9,10,1451,75,12,
SIMBRON Y IRIGOYEN,2018-05-29,18,19,1397,10,3,
"DELLEPIENE, LUIS TTE GRAL. (SUR) Y LACARRA AV.",2018-06-07,9,17,2660,46,122,
LA PLATA AV. Y ZAÑARTU,2018-08-07,8,9,1514,108,3,
"MOLIERE Y VARELA, JOSE PEDRO",2019-03-26,9,10,477,0,0,
"TRIUNVIRATO AV. Y ACHA, MARIANO, GRAL.",2018-06-13,15,16,1680,118,7,
CHACO Y DOBLAS,2018-08-16,8,9,532,0,1,
RIVADAVIA AV. Y LA PLATA AV.,2018-08-07,19,20,2581,187,0,
SAN BLAS Y IRIGOYEN,2018-05-29,10,11,770,6,9,
"LOZANO, PEDRO Y HUGO, VICTOR",2019-03-26,19,20,494,1,0,
"TRIUNVIRATO AV. Y ACHA, MARIANO, GRAL.",2018-06-13,8,9,1952,100,4,
NAZARRE Y CORTINA,2019-03-26,10,11,265,0,1,
"GONZALEZ, ELIPIDIO Y IRIGOYEN",2018-05-29,9,10,931,5,9,
"DELLEPIENE, LUIS TTE GRAL. (SUR) Y LACARRA AV.",2018-06-07,17,18,2651,57,80,
"MOLIERE Y VARELA, JOSE PEDRO",2019-03-26,18,19,646,0,0,
ACOYTE AV. Y RIVADAVIA AV.,2018-06-26,8,9,2533,261,21,
"AV. FOREST Y GARCIA, TEODORO",2018-06-06,17,18,2135,108,5,
"DELLEPIANE, LUIS, TTE GRAL. SUR Y CASTAÑARES AV.",2019-01-22,9,10,462,73,4,
NAZARRE Y CORTINA,2019-03-26,8,9,378,0,4,
LA PLATA AV. Y ZAÑARTU,2018-08-07,9,10,1411,116,8,
"DELLEPIANE, LUIS, TTE GRAL. SUR Y CASTAÑARES AV.",2019-01-22,18,19,306,64,1,
AV. CABILDO  Y COMODORO RIVADAVIA,2019-06-26,11,12,2167,9,5,NO SE CONTARON COLECTIVOS POR METROBUS
AV. ELCANO Y AV. TRIUNVIRATO,2018-06-06,17,18,1281,71,8,
"ACHA, MARIANO, GRAL. Y LA PAMPA",2018-06-13,11,12,1011,53,17,
"LOZANO, PEDRO Y HUGO, VICTOR",2019-03-26,11,12,318,0,0,
AV. DEL LIBERTADOR Y VEDIA,2018-05-22,17,18,4040,48,9,
BOGOTA Y ACOYTE AV.,2018-06-26,8,9,149,0,2,
SIMBRON Y IRIGOYEN,2018-05-29,8,9,1162,9,5,
"MOLIERE Y VARELA, JOSE PEDRO",2019-03-26,8,9,617,0,0,
AV. CABILDO  Y COMODORO RIVADAVIA,2019-06-26,15,16,2155,9,1,NO SE CONTARON COLECTIVOS POR METROBUS
"GONZALEZ, ELIPIDIO Y IRIGOYEN",2018-05-29,10,11,842,5,11,
"GONZALEZ, ELIPIDIO Y IRIGOYEN",2018-05-29,11,12,902,5,4,
SAN BLAS Y IRIGOYEN,2018-05-29,17,18,1573,1,7,
"GONZALEZ, ELIPIDIO Y IRIGOYEN",2018-05-29,16,17,1451,7,8,
SAN BLAS Y IRIGOYEN,2018-05-29,11,12,884,7,4,
SENILLOSA Y CHACO,2018-08-16,8,9,788,34,0,
"TRIUNVIRATO AV. Y ACHA, MARIANO, GRAL.",2018-06-13,18,19,1866,98,12,
AV.ALVAREZ JONTE Y IRIGOYEN,2018-05-29,16,17,1370,16,8,
"MOLIERE Y VARELA, JOSE PEDRO",2019-03-26,16,17,589,3,0,
"LOZANO, PEDRO Y IRIGOYEN",2018-05-29,16,17,1209,12,9,
"ACOYTE AV. Y ARANGUREN JUAN F., DR.",2018-06-27,18,19,2262,137,2,
SIMBRON Y VIRGILIO,2019-03-26,18,19,669,0,0,
"DELLEPIANE, LUIS, TTE GRAL. SUR Y CASTAÑARES AV.",2019-01-22,17,18,272,69,2,
"ROSARIO Y MORENO, MARIA JOSE AV.",2018-08-07,19,20,2381,270,4,
SIMBRON Y VIRGILIO,2019-03-26,15,16,442,0,1,
SANTO TOME Y IRIGOYEN,2018-05-29,10,11,835,15,12,
SIMBRON Y IRIGOYEN,2018-05-29,15,16,1120,10,13,
"INDEPENDENCIA, AV. Y LA PLATA AV.",2018-08-09,19,20,4387,144,0,
SIMBRON Y IRIGOYEN,2018-05-29,10,11,962,13,9,
NEUQUEN Y HIDALGO,2018-06-27,17,18,1574,40,5,
CHACO Y DOBLAS,2018-08-16,9,10,568,3,0,
NAZARRE Y CORTINA,2019-03-26,9,10,252,0,0,
SIMBRON Y VIRGILIO,2019-03-26,11,12,515,0,0,
SIMBRON Y VIRGILIO,2019-03-26,10,11,414,1,0,
NEUQUEN Y HIDALGO,2018-06-26,8,9,1685,42,3,
SANTO TOME Y IRIGOYEN,2018-05-29,19,20,970,12,2,
AV. ELCANO Y GUZMAN,2018-06-06,8,9,1536,143,7,
AV. EVA PERON Y AV. LACARRA,2018-03-15,17,18,4802,188,62,
"LOZANO, PEDRO Y HUGO, VICTOR",2019-03-26,18,19,689,1,0,
RAWSON Y LEZICA,2019-06-26,17,18,1134,0,2,
NOGOYA Y IRIGOYEN,2018-05-29,8,9,1491,67,10,
"ACHA, MARIANO, GRAL. Y LA PAMPA",2018-06-13,10,11,1061,51,19,
SENILLOSA Y CHACO,2018-08-16,18,19,675,37,1,
"INDEPENDENCIA, AV. Y LA PLATA AV.",2018-08-14,9,10,3659,177,18,
RIVADAVIA AV. Y LA PLATA AV.,2018-08-09,9,10,2100,133,6,
NAZARRE Y CORTINA,2019-03-26,15,16,293,0,1,
SIMBRON Y VIRGILIO,2019-03-26,17,18,616,0,1,
"DE LOS INCAS AV. Y ACHA, MARIANO, GRAL.",2018-06-13,10,11,1475,40,17,
"LOZANO, PEDRO Y HUGO, VICTOR",2019-03-26,15,16,404,5,0,
"DELLEPIANE, LUIS, TTE GRAL. SUR Y CASTAÑARES AV.",2019-01-22,8,9,533,71,7,
"LACROZE, FEDERICO AV. Y AV. TRIUNVIRATO",2018-06-06,18,19,1349,305,5,
ALVAREZ THOMAS AV. Y DE LOS INCAS AV.,2019-07-23,16,17,2779,53,17,
RIVADAVIA AV. Y LA PLATA AV.,2018-08-09,8,9,2193,138,3,
"LOZANO, PEDRO Y IRIGOYEN",2018-05-29,19,20,1052,10,1,
CHACO Y REPUBLICA DE INDONESIA,2018-08-16,18,19,1291,0,0,
"ACOYTE AV. Y ARANGUREN JUAN F., DR.",2018-06-26,8,9,1847,137,15,
SIMBRON Y IRIGOYEN,2018-05-29,16,17,1334,14,8,
"DE LOS INCAS AV. Y ACHA, MARIANO, GRAL.",2018-06-13,9,10,1669,48,17,
"LOZANO, PEDRO Y IRIGOYEN",2018-05-29,17,18,1291,10,4,
"LOZANO, PEDRO Y HUGO, VICTOR",2019-03-26,8,9,545,0,1,
"MOLIERE Y VARELA, JOSE PEDRO",2019-03-26,12,13,565,1,0,
"ROSARIO Y MORENO, MARIA JOSE AV.",2018-08-07,18,19,2563,239,3,
RAWSON Y LEZICA,2019-06-26,18,19,1114,0,0,
ACOYTE AV. Y RIVADAVIA AV.,2018-06-26,9,10,2362,250,18,
SAN BLAS Y IRIGOYEN,2018-05-29,16,17,1383,5,11,
"LOZANO, PEDRO Y IRIGOYEN",2018-05-29,18,19,1339,10,1,
"DONADO Y BALBIN, RICARDO, DR. AV.",2019-03-21,17,18,5195,104,28,
"PUEYRREDÓN, HONORIO DR. AV. Y NEUQUEN",2018-06-26,9,10,1578,37,6,
"UDAONDO, GUILLERMO AV. Y FIGUEROA ALCORTA, PRES. AV.",2018-06-28,18,19,3294,32,9,
NAZARRE Y CORTINA,2019-03-26,11,12,270,0,0,
"MOLIERE Y VARELA, JOSE PEDRO",2019-03-26,11,12,415,1,0,
CHACO Y REPUBLICA DE INDONESIA,2018-08-16,8,9,1359,0,0,
"TRIUNVIRATO AV. Y ACHA, MARIANO, GRAL.",2018-06-13,12,13,1117,93,11,
NEUQUEN Y HIDALGO,2018-06-27,18,19,1654,37,7,
SANTO TOME Y IRIGOYEN,2018-05-29,17,18,1209,11,5,
"LACROZE, FEDERICO AV. Y AV. TRIUNVIRATO",2018-06-06,9,10,1204,352,2,
NOGOYA Y IRIGOYEN,2018-05-29,16,17,1494,53,8,
DIRECTORIO AV. Y LA PLATA AV.,2018-08-09,9,10,4473,228,8,
AV. DEL LIBERTADOR Y VEDIA,2018-05-22,9,10,4271,37,35,
LA PLATA AV. Y CHICLANA AV.,2018-08-15,18,19,2586,123,3,
AV.ALVAREZ JONTE Y IRIGOYEN,2018-05-29,19,20,1256,9,3,
"DELLEPIANE, LUIS, TTE GRAL. SUR Y CASTAÑARES AV.",2019-03-20,18,19,383,61,2,
"ROSARIO Y MORENO, MARIA JOSE AV.",2018-08-14,8,9,2148,346,7,
"PUEYRREDÓN, HONORIO DR. AV. Y NEUQUEN",2018-06-27,17,18,1490,31,6,
SAN BLAS Y IRIGOYEN,2018-05-29,18,19,1653,6,1,
EL MAESTRO Y CHACO,2018-08-16,18,19,976,0,0,
DORREGO AV. Y CORDOBA AV.,2018-12-12,17,18,3432,76,7,
"LACROZE, FEDERICO AV. Y AV. TRIUNVIRATO",2018-06-06,8,9,1161,314,2,
"TRIUNVIRATO AV. Y ACHA, MARIANO, GRAL.",2018-06-13,16,17,1839,97,16,
NOGOYA Y IRIGOYEN,2018-05-29,11,12,1137,65,4,
"ROSARIO Y MORENO, MARIA JOSE AV.",2018-08-14,9,10,2197,330,11,
SENILLOSA Y CHACO,2018-08-16,9,10,705,48,2,
AV.ALVAREZ JONTE Y IRIGOYEN,2018-05-29,8,9,1150,37,4,
"INDEPENDENCIA, AV. Y LA PLATA AV.",2018-08-14,8,9,4086,155,15,
AV. ELCANO Y GUZMAN,2018-06-06,17,18,1893,156,10,
AV.ALVAREZ JONTE Y IRIGOYEN,2018-05-29,9,10,1021,29,8,
LA PLATA AV. Y CHICLANA AV.,2018-08-07,9,10,2385,154,11,
AV. DEL LIBERTADOR Y VEDIA,2018-05-22,8,9,4740,38,13,
BOGOTA Y ACOYTE AV.,2018-06-27,17,18,234,0,0,
AV. ELCANO Y AV. TRIUNVIRATO,2018-06-06,18,19,1284,74,3,
SAN BLAS Y IRIGOYEN,2018-05-29,9,10,857,4,7,
